TopK,Recall
1000,0.061224489795918366
3000,0.1564625850340136
5000,0.20408163265306123
10000,0.23129251700680273
50000,0.3401360544217687
