TopK,Recall
1000,0.05555555555555555
3000,0.09097222222222222
5000,0.11805555555555555
10000,0.15069444444444444
50000,0.27152777777777776
