TopK,Recall
1000,0.1081262592343855
3000,0.18871725990597715
5000,0.24042981867024849
10000,0.3183344526527871
50000,0.4956346541302888
