TopK,Recall
1000,0.11081262592343855
3000,0.1914036265950302
5000,0.24042981867024849
10000,0.31296171927468097
50000,0.47548690396239085
