TopK,Recall
1000,0.0953757225433526
3000,0.2774566473988439
5000,0.3959537572254335
10000,0.4913294797687861
50000,0.6040462427745664
